model,train_rmse,test_rmse,train_mae,test_mae,train_r2,test_r2
Random Forest,0.029610684177165707,0.04863666249956853,0.017815689883126352,0.020520617312441227,0.9462499726003681,0.8547921777619625
XGBoost,0.027307825974707274,0.041321718033276354,0.016951185473240375,0.01981756664964795,0.9542852805710708,0.8951860179511341
LightGBM,0.034251853580928096,0.03615616860444695,0.017911281647137692,0.019784957240413768,0.9280799528832285,0.919753280586457
Stacking Ensemble,0.029807721301377346,0.0400955721593352,0.017159215280520824,0.019526200711670435,0.9455322595239435,0.9013140533561291
